<?xml version="1.0"?>
<doc>
    <assembly>
        <name>Microsoft.IdentityModel.Clients.ActiveDirectory.Platform</name>
    </assembly>
    <members>
        <member name="T:Microsoft.IdentityModel.Clients.ActiveDirectory.PlatformParameters">
            <summary>
            Additional parameters used in acquiring user's authorization
            </summary>
        </member>
        <member name="P:Microsoft.IdentityModel.Clients.ActiveDirectory.PlatformParameters.OwnerWindow">
            <summary>
            Gets the owner of the browser dialog which pops up for receiving user credentials. It can be null.
            </summary>
        </member>
        <member name="P:Microsoft.IdentityModel.Clients.ActiveDirectory.PlatformParameters.PromptBehavior">
            <summary>
            Gets prompt behavior. If <see cref="!:PromptBehavior.Always"/>, asks service to show user the authentication page which gives them chance to authenticate as a different user.
            </summary>
        </member>
        <member name="T:Microsoft.IdentityModel.Clients.ActiveDirectory.PromptBehavior">
            <summary>
            Indicates whether AcquireToken should automatically prompt only if necessary or whether
            it should prompt regardless of whether there is a cached token.
            </summary>
        </member>
        <member name="F:Microsoft.IdentityModel.Clients.ActiveDirectory.PromptBehavior.Auto">
            <summary>
            Acquire token will prompt the user for credentials only when necessary.  If a token
            that meets the requirements is already cached then the user will not be prompted.
            </summary>
        </member>
        <member name="F:Microsoft.IdentityModel.Clients.ActiveDirectory.PromptBehavior.Always">
            <summary>
            The user will be prompted for credentials even if there is a token that meets the requirements
            already in the cache.
            </summary>
        </member>
        <member name="F:Microsoft.IdentityModel.Clients.ActiveDirectory.PromptBehavior.Never">
            <summary>
            The user will not be prompted for credentials.  If prompting is necessary then the AcquireToken request
            will fail.
            </summary>
        </member>
        <member name="F:Microsoft.IdentityModel.Clients.ActiveDirectory.PromptBehavior.RefreshSession">
            <summary>
            Re-authorizes (through displaying webview) the resource usage, making sure that the resulting access
            token contains updated claims. If user logon cookies are available, the user will not be asked for 
            credentials again and the logon dialog will dismiss automatically.
            </summary>
        </member>
        <member name="F:Microsoft.IdentityModel.Clients.ActiveDirectory.Internal.SilentWebUI.NavigationWaitMiliSecs">
            <summary>
            This is how long we allow between completed navigations.
            </summary>
        </member>
        <member name="F:Microsoft.IdentityModel.Clients.ActiveDirectory.Internal.SilentWebUI.NavigationOverallTimeout">
            <summary>
            This is how long all redirect navigations are allowed to run for before a graceful 
            termination of the entire browser based authentication process is attempted.
            </summary>
        </member>
        <member name="M:Microsoft.IdentityModel.Clients.ActiveDirectory.Internal.SilentWebUI.WaitForCompletionOrTimeout(System.Threading.Thread)">
            <summary>
            Waits on the UI Thread to complete normally for NavigationOverallTimeout.  
            After it attempts shutdown the UI thread graceful followed by aborting
            the thread if a graceful shutdown is not successful.
            </summary>
            <param name="uiThread"></param>
            <returns>Returns true if the UI thread completed on its own before the timeout.  Otherwise false.</returns>
        </member>
        <member name="M:Microsoft.IdentityModel.Clients.ActiveDirectory.Internal.SilentWebUI.OnAuthenticate">
            <summary>
            Callers expect the call to show the authentication dialog to be synchronous.  This is easy in the 
            interactive case as ShowDialog is a synchronous call.  However, ShowDialog will always show 
            the dialog.  It can not be hidden. So it can not be used in the silent case.  Instead we need
            to do the equivalent of creating our own modal dialog.  We start a new thread, launch an 
            invisible window on that thread.  The original calling thread blocks until the secondary
            UI thread completes.  
            </summary>
            <returns></returns>
        </member>
        <member name="P:Microsoft.IdentityModel.Clients.ActiveDirectory.Internal.WindowsFormsWebAuthenticationDialogBase.WebBrowser">
            <summary>
            Gets Web Browser control used by the dialog.
            </summary>
        </member>
        <member name="M:Microsoft.IdentityModel.Clients.ActiveDirectory.Internal.SilentWindowsFormsAuthenticationDialog.SuppressBrowserSubDialogs">
            <summary>
            Make sure that the browser control does not surface any of it's own dialogs.
            For instance bad certificate or javascript error dialogs.
            </summary>
        </member>
        <member name="M:Microsoft.IdentityModel.Clients.ActiveDirectory.Internal.SilentWindowsFormsAuthenticationDialog.SignalDone(System.Exception)">
            <summary>
            This method must only be called from the UI thread.  Since this is the 
            callers opportunity to call dispose on this object.  Calling
            Dispose must be done on the same thread on which this object
            was constructed.
            </summary>
            <param name="exception"></param>
        </member>
        <member name="T:Microsoft.IdentityModel.Clients.ActiveDirectory.StaTaskScheduler">
            <summary>Provides a scheduler that uses STA threads.</summary>
        </member>
        <member name="F:Microsoft.IdentityModel.Clients.ActiveDirectory.StaTaskScheduler._tasks">
            <summary>Stores the queued tasks to be executed by our pool of STA threads.</summary>
        </member>
        <member name="F:Microsoft.IdentityModel.Clients.ActiveDirectory.StaTaskScheduler._threads">
            <summary>The STA threads used by the scheduler.</summary>
        </member>
        <member name="M:Microsoft.IdentityModel.Clients.ActiveDirectory.StaTaskScheduler.#ctor(System.Int32)">
            <summary>Initializes a new instance of the StaTaskScheduler class with the specified concurrency level.</summary>
            <param name="numberOfThreads">The number of threads that should be created and used by this scheduler.</param>
        </member>
        <member name="M:Microsoft.IdentityModel.Clients.ActiveDirectory.StaTaskScheduler.QueueTask(System.Threading.Tasks.Task)">
            <summary>Queues a Task to be executed by this scheduler.</summary>
            <param name="task">The task to be executed.</param>
        </member>
        <member name="M:Microsoft.IdentityModel.Clients.ActiveDirectory.StaTaskScheduler.GetScheduledTasks">
            <summary>Provides a list of the scheduled tasks for the debugger to consume.</summary>
            <returns>An enumerable of all tasks currently scheduled.</returns>
        </member>
        <member name="M:Microsoft.IdentityModel.Clients.ActiveDirectory.StaTaskScheduler.TryExecuteTaskInline(System.Threading.Tasks.Task,System.Boolean)">
            <summary>Determines whether a Task may be inlined.</summary>
            <param name="task">The task to be executed.</param>
            <param name="taskWasPreviouslyQueued">Whether the task was previously queued.</param>
            <returns>true if the task was successfully inlined; otherwise, false.</returns>
        </member>
        <member name="M:Microsoft.IdentityModel.Clients.ActiveDirectory.StaTaskScheduler.Dispose">
            <summary>
            Cleans up the scheduler by indicating that no more tasks will be queued.
            This method blocks until all threads successfully shutdown.
            </summary>
        </member>
        <member name="P:Microsoft.IdentityModel.Clients.ActiveDirectory.StaTaskScheduler.MaximumConcurrencyLevel">
            <summary>Gets the maximum concurrency level supported by this scheduler.</summary>
        </member>
        <member name="T:Microsoft.IdentityModel.Clients.ActiveDirectory.Internal.WindowsFormsWebAuthenticationDialog">
            <summary>
            The browser dialog used for user authentication
            </summary>
        </member>
        <member name="M:Microsoft.IdentityModel.Clients.ActiveDirectory.Internal.WindowsFormsWebAuthenticationDialog.#ctor(System.Object)">
            <summary>
            Default constructor
            </summary>
        </member>
    </members>
</doc>
