<?xml version="1.0"?>
<doc>
    <assembly>
        <name>Microsoft.IdentityModel.Clients.ActiveDirectory.Platform</name>
    </assembly>
    <members>
        <member name="T:Microsoft.IdentityModel.Clients.ActiveDirectory.PlatformParameters">
            <summary>
            Additional parameters used in acquiring user's authorization
            </summary>
        </member>
        <member name="P:Microsoft.IdentityModel.Clients.ActiveDirectory.PlatformParameters.CallerActivity">
            <summary>
            Caller Android Activity
            </summary>
        </member>
    </members>
</doc>
